head,mae,rmse,dec_mae_deg,ra_mae_deg
mchirp,1.8155570975695348,2.5818023150860143,,
merger_time,0.017587072385102546,0.023616167737632348,,
snr,1.3942181225360721,1.722021568184113,,
sky_position,87.51529852217988,95.86393262648424,46.93228417208554,90.88272266975791
coa_phase,1.5635709813979648,1.8013647797750185,,
polarization_angle,0.7868722083851344,0.9084298442759325,,
inclination,1.5839328825470416,1.8269703316898305,,
