head,mae,rmse,dec_mae_deg,ra_mae_deg
mchirp,0.9702515253781697,1.482479241990329,,
merger_time,0.013273872405886664,0.017279382282968513,,
snr,0.8252238439826298,1.0482484401785082,,
sky_position,86.04961982048968,94.27609103153988,65.86382915772363,90.95936570045336
coa_phase,1.5693011264845715,1.8139253142398946,,
polarization_angle,0.7795117108787708,0.9014970346936875,,
inclination,1.5608805620400452,1.803682815987427,,
