head,mae,rmse,dec_mae_deg,ra_mae_deg
mchirp,1.5769908395104586,2.3979444570611532,,
merger_time,0.014528727760910982,0.019788909015169814,,
snr,0.9370420078950014,1.1862670958123533,,
sky_position,87.248545969384,95.4637563632135,59.3856386579701,90.68841773808312
coa_phase,1.5610820056474077,1.8047442703244856,,
