head,mae,rmse,dec_mae_deg,ra_mae_deg
mchirp,0.9540754108872558,1.4589497024343308,,
merger_time,0.012370613378435378,0.01590887773792197,,
snr,0.8223990398178878,1.043583654697264,,
sky_position,86.0277413360134,94.29026432782516,70.79872151186774,90.59263578200014
coa_phase,1.5719542211737352,1.8188766065762771,,
polarization_angle,0.7787390549926445,0.9022077106987562,,
inclination,1.5278762007081332,1.7739360554993644,,
