head,mae,rmse,dec_mae_deg,ra_mae_deg
mchirp,1.0100536797323878,1.5232238520837638,,
merger_time,0.012893787910491238,0.01685745314203721,,
snr,0.8266677827819756,1.0464620669911626,,
sky_position,87.4349105213854,95.57458623687579,57.313979361103776,90.60103057901384
coa_phase,1.5719542210068422,1.818876606448637,,
polarization_angle,0.7868722083851344,0.9084298442759325,,
inclination,1.55563142755815,1.7991503333086036,,
