head,mae,rmse
mchirp,0.9682818567954017,1.469506574157962
q,0.14967772237181662,0.18115304571492336
merger_time,0.012565785445272917,0.01626383139505369
snr,0.8208401629670996,1.0449549214670244
