head,mae,rmse
mchirp,1.7996369150014264,2.6756683022917627
q,0.16516439956724643,0.20255423012601687
merger_time,0.016270209203809498,0.021753679535778312
snr,0.9566540106878889,1.2079436833065327
