head,mae,rmse
mchirp,1.4142104100300326,2.0992307457051624
q,0.3945959977889061,0.4474575403340919
merger_time,0.013448608813881872,0.0176411103178214
snr,0.8785675159843968,1.1100999493594117
