head,mae,rmse
mchirp,1.5730751084346517,2.3488965697527395
merger_time,0.014088376541584756,0.019811508309743903
snr,0.8648007056447056,1.103596298613944
sky_position,1.6135607023023815,2.0441468901567403
coa_phase,1.558907592792257,1.8000464111614436
