split,parameter,n,unique_raw,unique_transformed,circular_r,collapsed,max_bin_frac,uniform_frac,raw_min,raw_median,raw_max
training,coa_phase (φc),25000,20738,20737,0.005619848147034645,False,0.05392,0.05,0.00010019016917794943,3.1408098936080933,6.282519817352295
training,polarization_angle (ψ),25000,20636,17241,0.0035278492141515017,False,0.0532,0.05,0.0005311131826601923,3.155286192893982,6.2828803062438965
training,inclination (ι),25000,20670,20670,0.006553124636411667,False,0.05296,0.05,4.1404073272133246e-05,3.133114814758301,6.283151626586914
validation,coa_phase (φc),5000,4785,4785,0.005680105648934841,False,0.0586,0.05,0.001125476905144751,3.1766164302825928,6.282643795013428
validation,polarization_angle (ψ),5000,4812,4637,0.012803803198039532,False,0.0566,0.05,0.0006412817747332156,3.169488310813904,6.280154228210449
validation,inclination (ι),5000,4808,4808,0.004633540753275156,False,0.058,0.05,0.00011007208377122879,3.169527292251587,6.282601356506348
