head,mae,rmse
mchirp,1.3843064091935369,2.3113229841420035
merger_time,0.049311810270547866,0.057039563262801136
snr,0.9132469009880769,1.1616621006828332
sky_position,1.509468736056826,1.909954195349216
coa_phase,1.5655204173655137,1.8078719504700465
