head,mae,rmse,dec_mae_deg,ra_mae_deg
mchirp,0.9642322542648614,1.5045580311514895,,
merger_time,0.01249699898004532,0.016181208449110262,,
snr,0.8194967710600151,1.0424640493168142,,
sky_position,84.80561269829089,93.15611113783854,66.93782854932347,90.52688208955145
coa_phase,1.577062840119099,1.8189188436026127,,
polarization_angle,0.7875376718134074,0.9074647210402531,,
inclination,1.5687344870509459,1.8139806740159437,,
