head,mae,rmse
mchirp,1.3980943519241888,2.1457344893695267
q,0.3945959998273849,0.4474575422458822
merger_time,0.013546123022064557,0.018411997987996642
snr,0.8656058764161637,1.0981982880760663
