head,mae,rmse,dec_mae_deg,ra_mae_deg
mchirp,1.0019931043975607,1.5090490250461013,,
merger_time,0.013096948073655383,0.017002998897693078,,
snr,0.8288554111989405,1.057112019318368,,
sky_position,87.11415349180808,95.5068405070486,64.75423854110176,91.09037592626076
coa_phase,1.5786101232006833,1.821212778454483,,
polarization_angle,0.779663814515346,0.9018532218032279,,
inclination,1.5817819882853694,1.823031827650243,,
