head,mae,rmse,dec_mae_deg,ra_mae_deg
mchirp,0.9510240719805828,1.4400616210289472,,
merger_time,0.012420166418403383,0.01605782463419133,,
snr,0.831494978909324,1.0522492522873026,,
sky_position,86.43257921373252,94.82286995625398,73.26763228125148,90.68095983457822
coa_phase,1.5796631632007982,1.8219812157455484,,
polarization_angle,0.7795192425600158,0.9005650611056859,,
inclination,1.5597972158260505,1.803245010030282,,
