head,mae,rmse,dec_mae_deg,ra_mae_deg
mchirp,3.2261953203827654,4.544105304029312,,
merger_time,0.04071222911134368,0.049609952344507116,,
snr,0.9966481001604156,1.2590560873996974,,
sky_position,88.99267718134553,97.03206780846602,79.44386968813156,89.56641033399657
coa_phase,1.5766340379034862,1.8124428866099924,,
polarization_angle,0.7866359389229881,0.9080637570855913,,
inclination,1.5775871518407485,1.8184657050303532,,
