head,mae,rmse,dec_mae_deg,ra_mae_deg
mchirp,1.3867143763361387,2.1771992196543124,,
merger_time,0.049300386295318605,0.0570068533688185,,
snr,0.9239221402710115,1.180744881657077,,
sky_position,90.61163224173283,98.87721593226786,38.35804155445137,91.1963536923825
coa_phase,1.5883675128724233,1.8266411146784993,,
