head,mae,rmse
mchirp,1.2374018986736866,1.958652731816549
q,0.16176574736014007,0.20015621244834128
merger_time,0.013738224951699376,0.01850687917529972
snr,0.8431031535363404,1.0665301462555685
