model,head,mae,r2,bias,std_ratio
poc_a (baseline),mchirp,0.977294981591932,0.9594083041401003,0.12750871643613246,0.9851536751594752
poc_a (baseline),merger_time,0.01315224148333074,0.914085419077645,0.004970522636175235,0.994095592160907
poc_a (baseline),snr,0.8304901248042426,0.7850475546962444,0.07455194166522466,0.9255152520123763
poc_b (PoC),mchirp,1.0241930542937179,0.9568528180983323,-0.07808761034335777,0.9760855305923908
poc_b (PoC),merger_time,0.012755232381820676,0.9189536632348013,-0.0002554027177392638,0.990690372582282
poc_b (PoC),snr,0.8350791004125835,0.7824990168235251,0.10478565056781283,0.9126962088916039
tcn,mchirp,0.9505236292977647,0.9629113215015094,0.1067775593179454,0.9911316504725942
tcn,merger_time,0.012803133609145891,0.9206437076237525,0.003540084639191706,0.954937017102197
tcn,snr,0.8374202418992813,0.7841361870135841,0.12059815433078892,0.9338375870229885
cnn_attention,mchirp,1.3632225637188353,0.9262552821728378,-0.21142257791253044,0.9859033530371522
cnn_attention,merger_time,0.012965988690219813,0.9088749614671185,-0.0009425898799671937,1.007223136140265
cnn_attention,snr,0.8796421569422974,0.7550520055155596,0.2874525529814396,0.9408960282015961
