model,angular_mae_deg,angular_median_deg
poc_a (baseline),8.17258236537346,0.0
poc_b (PoC),9.989972605862432,0.0
tcn,4.49538098215875,0.0
cnn_attention,3.338488277543937,0.0
