head,mae,rmse
mchirp,1.377454797113313,2.0842002421079897
q,0.15281107601046562,0.18342983326827397
merger_time,0.012814741758555181,0.017908052866888076
snr,0.8991712623369491,1.1644790343130353
