head,mae,rmse
mchirp,1.8746572764636924,2.7787174005678814
q,0.17448124345868826,0.2166510460433709
merger_time,0.01595911592848599,0.021335996915851474
snr,0.9674106723013163,1.2289093037295458
