head,mae,rmse
mchirp,1.5786110571335283,2.239610581557473
q,0.15935922055363655,0.189612898500163
merger_time,0.013912611606717125,0.019814903484830733
snr,0.90974203244338,1.1611159560123936
