head,mae,rmse,dec_mae_deg,ra_mae_deg
mchirp,1.004995944771257,1.510472088029769,,
merger_time,0.012721325822621596,0.01643096553381666,,
snr,0.8276623625259328,1.050031092733111,,
sky_position,84.78408159976338,93.17684831707483,67.79979873308187,90.69971783352871
coa_phase,1.5848597706464613,1.8241647234270981,,
polarization_angle,0.7865105290470457,0.9081584941974385,,
inclination,1.5718143913824758,1.8153493743623732,,
