head,mae,rmse,dec_mae_deg,ra_mae_deg
mchirp,0.982715179877746,1.4978364547793015,,
merger_time,0.012362427208274608,0.015836529853359402,,
snr,0.8237209365252702,1.0478721084917868,,
sky_position,87.18812996768224,95.43144494154738,69.95393278061599,90.41717232231389
coa_phase,1.5792847669563852,1.8218063163855893,,
polarization_angle,0.7853715075407119,0.9052165015915319,,
inclination,1.5402498693461635,1.783162531206644,,
