head,mae,rmse
mchirp,10.975364462185802,12.605775241443492
merger_time,0.08012416833080355,0.09895563789960664
snr,6.4412128262929915,6.850132437241204
sky_position,1.2175879558060352,1.5156349054414222
coa_phase,1.5945808278922438,1.839791422331887
