head,mae,rmse
mchirp,1.7271028054876887,2.579992250196607
merger_time,0.020671052137762356,0.027250088062762457
snr,1.0205323683934988,1.291309609708491
ra,1.574806366470837,1.8153378146274755
declination,0.5583341938742561,0.673507323791069
coa_phase,1.5774833759821545,1.8167624641359654
