head,mae,rmse
mchirp,2.836615332912155,4.031954383945946
merger_time,0.020605160683691524,0.02748721996068435
snr,0.9680107484388211,1.2322440020520498
ra,1.5681660384652587,1.8102820888989721
declination,0.5816030702092491,0.7047989476445348
coa_phase,1.572194342187254,1.8162569084479958
