head,mae,rmse,dec_mae_deg,ra_mae_deg
mchirp,2.841529983258023,3.8805298398013095,,
merger_time,0.02554311571285123,0.032506758355791435,,
snr,1.2999936208272147,1.620443752079402,,
sky_position,84.85720797661392,93.04598721828089,66.95536526833715,90.49920726075808
coa_phase,1.5792770286092654,1.8216107009535982,,
