head,mae,rmse
mchirp,0.9710221786126992,1.4675611000594457
merger_time,0.0123940454031527,0.016034786676626264
snr,0.822830878328141,1.0492797272205714
ra,1.5774931368779281,1.8163215480533255
declination,0.5118706211472116,0.6136975054653669
coa_phase,1.5719542210068422,1.818876606448637
