head,mae,rmse,dec_mae_deg,ra_mae_deg
mchirp,0.9616043243103093,1.470763277403277,,
merger_time,0.012981471884101646,0.016921172266409608,,
snr,0.8216955735435768,1.0448564940501865,,
sky_position,87.15703570765014,95.31922605138782,67.19692061544258,90.87412064450417
coa_phase,1.5718205652517245,1.8202633725384796,,
polarization_angle,0.7909913937455116,0.9124301935561135,,
inclination,1.5726038270097966,1.8140936789271407,,
