head,mae,rmse
mchirp,1.869298791855375,2.7869177701834666
q,0.16095837265223265,0.19428914992370472
merger_time,0.016734220272377132,0.022534432636636726
snr,0.9419844012974101,1.201192415594752
