{
  "heads": [
    "mchirp",
    "q",
    "merger_time",
    "snr"
  ],
  "stats": {
    "mchirp": {
      "mean": 3.134701503729915,
      "std": 0.31886035285128717
    },
    "snr": {
      "mean": 10.98063614935932,
      "std": 2.3166405204351657
    }
  }
}