head,mae,rmse,dec_mae_deg,ra_mae_deg
mchirp,1.3539060842678459,2.18483447797563,,
merger_time,0.049312998703718185,0.057023446834984164,,
snr,0.9645917998206572,1.2290774504111281,,
sky_position,90.39563462017051,98.62761945186475,36.267305161978214,91.16374995763557
coa_phase,1.5560990111899913,1.8049995949882067,,
polarization_angle,0.7920322521336041,0.9137071289727985,,
inclination,1.5542488654008768,1.8034556283440357,,
