head,mae,rmse,dec_mae_deg,ra_mae_deg
mchirp,1.0053646534084888,1.5392862797696856,,
merger_time,0.012858083680868142,0.016554446126089722,,
snr,0.8294401795520407,1.045971838289507,,
sky_position,87.52484986106708,95.70715015569752,63.7158414853615,90.70660819780815
coa_phase,1.5719542210068422,1.818876606448637,,
polarization_angle,0.7787390549926445,0.9022077106987562,,
inclination,1.5669453542773135,1.8074593024963976,,
