head,mae,rmse
mchirp,1.3511833211040205,2.1998821133705437
q,0.15344638988256454,0.18462207899934086
merger_time,0.04930695187091827,0.05702569871046955
snr,0.9112235220369774,1.1596347167502579
