head,mae,rmse,dec_mae_deg,ra_mae_deg
mchirp,0.9818736001509278,1.4968195646539775,,
merger_time,0.01300673185244204,0.016803335569224833,,
snr,0.828286994609992,1.0506497761621691,,
sky_position,86.6977351899612,94.84918473005764,62.642348032927885,90.2370037427867
coa_phase,1.5778990691538206,1.8223563959009097,,
polarization_angle,0.7845108621495318,0.9042442518194539,,
inclination,1.556034364777453,1.799519663785899,,
