head,mae,rmse
mchirp,1.0002039981085908,1.5002018928602836
q,0.15132653448343278,0.18201861757406457
merger_time,0.012490221820026633,0.01599537359765591
snr,0.8260516170291444,1.0487398065694653
