head,mae,rmse
mchirp,2.593466819035837,3.768174899028735
merger_time,0.024710682113394087,0.031750170409915145
snr,1.3510690267218641,1.6663459299458299
sky_position,1.212903585718813,1.5421318348853048
coa_phase,1.569587160251849,1.8168274601741914
