head,mae,rmse,dec_mae_deg,ra_mae_deg
mchirp,1.366109172930627,2.0473394075082267,,
merger_time,0.01316614699825644,0.017843236138817112,,
snr,0.8805175371056626,1.1199383189119514,,
sky_position,77.60846034746287,86.08885327627021,65.38157371918662,90.45804169167644
coa_phase,1.5967809871931684,1.8389544641918565,,
polarization_angle,0.7841964611037148,0.9067879818976023,,
inclination,1.5336982387472962,1.7816796855934791,,
