head,mae,rmse
mchirp,1.4958844646216427,2.180450504659851
merger_time,0.013806084598377328,0.019184866238775758
snr,0.9150887419034661,1.1773397493013729
ra,1.5740539196839956,1.8118864798090941
declination,0.5084742695408427,0.6157166092398767
coa_phase,1.590637767568354,1.834696406615351
