head,mae,rmse,dec_mae_deg,ra_mae_deg
mchirp,0.9816015378937128,1.469927301421682,,
merger_time,0.012923241424560564,0.016590544452740764,,
snr,0.826662978213555,1.0398384300477466,,
sky_position,86.31375980750653,94.46381942015735,70.91424599551632,90.68339265463271
coa_phase,1.5819873028265925,1.8239088749591281,,
polarization_angle,0.7863197503054523,0.9071569427202171,,
inclination,1.5807145073140796,1.8227362271857335,,
