head,mae,rmse,dec_mae_deg,ra_mae_deg
mchirp,1.464491148448002,2.1613459114145996,,
merger_time,0.014756998474746914,0.019668986233928716,,
snr,0.9091194045707329,1.1647098724131253,,
sky_position,77.82045673090734,86.21096521742362,66.04636745912602,90.24423362491301
coa_phase,1.5773891399972446,1.8240551981395774,,
polarization_angle,0.7897267349832556,0.9110392822197694,,
inclination,1.5594490725214343,1.8034734463388606,,
