head,mae,rmse,dec_mae_deg,ra_mae_deg
mchirp,2.5429943572993836,3.4495003797222723,,
merger_time,0.019194278014302225,0.025657227193865807,,
snr,1.111072832308759,1.3756321011165593,,
sky_position,81.05577214440729,89.71580563482169,46.341987149691285,89.73014501456073
coa_phase,1.578015641225866,1.8163361842585175,,
polarization_angle,0.7925403856978007,0.9126335197185516,,
inclination,1.5700854206929595,1.8158462675284242,,
