head,mae,rmse,dec_mae_deg,ra_mae_deg
mchirp,1.006492865992407,1.5089757842532527,,
merger_time,0.012921404713839308,0.01667912462966631,,
snr,0.8247618646778175,1.0510427283230939,,
sky_position,86.7997940428003,94.95614171999857,65.12837681706418,90.67004629438424
coa_phase,1.5746716706066708,1.8156345654449746,,
