head,mae,rmse
mchirp,1.0479419914673729,1.5493776898116178
merger_time,0.012332216423749926,0.01603540423767597
snr,0.8203868624186537,1.0384902899168218
sky_position,1.6169718148990486,2.04328892532152
coa_phase,1.5810685495235082,1.8204718576624745
