head,mae,rmse
mchirp,1.8614168867655594,2.7274840064259442
merger_time,0.01561843056634068,0.021176356848023686
snr,0.9590663529722444,1.1958404291668772
sky_position,1.2469410362062854,1.6278398724819236
coa_phase,1.5619075855018572,1.8095543479352887
