head,mae,rmse
mchirp,1.3241249185438666,2.085273634433866
merger_time,0.04929827155947685,0.05701786368877747
snr,0.9651016896233748,1.2333394153015675
ra,1.5900152665892886,1.8285150310955987
declination,0.5378389609762129,0.6433368398447871
coa_phase,1.5731557515064227,1.8178577248863896
