head,mae,rmse,dec_mae_deg,ra_mae_deg
mchirp,1.035578845083082,1.5372059791161161,,
merger_time,0.012873254270851613,0.01668653015246726,,
snr,0.8369700321388974,1.0581628667358414,,
sky_position,87.22549028887677,95.38651979335816,62.857966802479545,90.85835736618009
coa_phase,1.5726581869963863,1.8201183058684005,,
polarization_angle,0.7798134894590711,0.9018429459827664,,
inclination,1.5713454759606775,1.8136391973602737,,
