head,mae,rmse,dec_mae_deg,ra_mae_deg
mchirp,1.435552980453277,2.0825756070505683,,
merger_time,0.013504094733484072,0.018937624714295373,,
snr,0.9208446303470998,1.1802552785891987,,
sky_position,77.03667474921262,85.57148521578006,65.72977132275628,91.00121873957974
coa_phase,1.5722612122444777,1.817735523215121,,
