head,mae,rmse,dec_mae_deg,ra_mae_deg
mchirp,1.568671305067095,2.4603921345875293,,
merger_time,0.049317804071903226,0.05703832683139757,,
snr,0.8757326638498165,1.1283352944486909,,
sky_position,89.5720409037235,97.61508017073933,59.5594937224918,89.06830277395527
coa_phase,1.5729124919572768,1.8158272440387269,,
polarization_angle,0.779817712420363,0.9008023621088936,,
inclination,1.5708610473838043,1.8149797787750614,,
