head,mae,rmse,dec_mae_deg,ra_mae_deg
mchirp,1.400356303564235,2.1536768538580495,,
merger_time,0.013342360097467917,0.018540633586644473,,
snr,0.9259415596571947,1.1773907523831146,,
sky_position,77.26640647743167,85.77767325414062,65.79263003042988,90.41067941774702
coa_phase,1.5779913593158517,1.8146742808361944,,
polarization_angle,0.7868729955780569,0.9084303771948546,,
inclination,1.5446052647474604,1.791653901661954,,
