head,mae,rmse,dec_mae_deg,ra_mae_deg
mchirp,1.7310865128339938,2.517623061252619,,
merger_time,0.01573189848080275,0.0212604239795657,,
snr,0.9423629844416266,1.193633608278996,,
sky_position,86.77434751039306,95.1517689560002,36.54957320653965,90.29485184320359
coa_phase,1.5775427838988363,1.820143591620753,,
polarization_angle,0.786289544265613,0.9077452492000107,,
inclination,1.588191685260864,1.8262522697570835,,
