head,mae,rmse
mchirp,1.290977745126364,2.12788809675174
q,0.1526017060390115,0.185403865284392
merger_time,0.04933570253610611,0.05706037179247257
snr,0.9425164070950545,1.1956469173558573
