{
  "heads": [
    "mchirp",
    "q",
    "merger_time",
    "snr"
  ],
  "stats": {
    "mchirp": {
      "mean": 3.1651380290550954,
      "std": 0.3102183232774064
    },
    "snr": {
      "mean": 10.978981366495798,
      "std": 2.314818808133477
    }
  }
}