head,mae,rmse,dec_mae_deg,ra_mae_deg
mchirp,1.0207554610816645,1.505653842278535,,
merger_time,0.012455480716824533,0.01613252235849607,,
snr,0.8112120948725154,1.0344707988229145,,
sky_position,87.06951568041795,95.30687174749482,66.66560111878812,90.21275718547317
coa_phase,1.5788742079746096,1.8214102086314763,,
polarization_angle,0.7862856370530359,0.9076532539998995,,
inclination,1.5439109676694516,1.7935345451881486,,
