head,mae,rmse,dec_mae_deg,ra_mae_deg
mchirp,1.0106868697630407,1.5087427370039483,,
merger_time,0.012689781673401592,0.01647942054883608,,
snr,0.8261450502061108,1.0507272973497932,,
sky_position,86.94664086208917,95.1702939454435,64.8480704254121,90.57092206691988
coa_phase,1.5792428359054225,1.821084699448356,,
polarization_angle,0.7851079102468435,0.9063018479464999,,
inclination,1.5630519567844932,1.806803430054566,,
