head,mae,rmse
mchirp,1.4381141891480747,2.060356425283187
q,0.15311229844748972,0.18474228218015895
merger_time,0.013242976327538483,0.018439722358443295
snr,0.8731909783577699,1.119800306113739
